,Timestamp,Metadata,Headline,URL,ShortDesc
0,2018-01-01T04:16:04+00:00,," 10 US Citizens, 2 Locals Killed in Costa Rica Plane Crash ",https://www.bloomberg.com/news/articles/2017-12-31/urgent-plane-with-12-believed-aboard-crashes-in-costa-rica," shock and disbelief right now,"" Bruce Steinberg's sister, Tamara Steinberg Jacobson, wrote on Facebook. She also confirmed the deaths in an interview with NBC News . Rabbi Jonathan Blake of the Westchester... "
1,2018-03-27T17:31:41+00:00,politics, Mark Zuckerberg Is Expected to Testify Before Congress on April 12 ,https://www.bloomberg.com/politics/articles/2018-03-27/mark-zuckerberg-plans-to-testify-before-congress-on-april-12,  amid signs that Facebook has failed to protect user privacy. Newspaper reports this month said an advertising-data firm obtained information on more than 50 million Facebook users without their... 
2,2018-03-28T11:10:15+00:00,technology, Facebook Updates Privacy Tools for Better Data Control ,https://www.bloomberg.com/news/articles/2018-03-28/facebook-updates-privacy-tools-for-better-data-control," Facebook Inc. said it will make it more straight-forward for users to change their privacy settings and delete data they’ve already shared with the social-media company, Bloomberg News reports... "
3,2018-04-11T11:11:24+00:00,, Facebook's Zuckerberg Before Congress Highlights ,https://www.bloomberg.com/news/videos/2018-04-11/facebook-s-zuckerberg-before-congress-highlights-video,"                                                     ""It was my mistake and I'm sorry,"" says Facebook CEO Mark Zuckerberg. Here are the highlights from his testimony before Congress https://bloom... "
4,2018-04-26T15:08:15+00:00,, Jaguars Owner Shahid Khan Makes Offer to Buy Wembley Stadium ,https://www.bloomberg.com/news/articles/2018-04-26/jaguars-owner-shahid-khan-looks-to-buy-wembley-stadium," scheduling future NFL games in London."" ___ Rob Harris is at www.twitter.com/RobHarris and www.facebook.com/RobHarrisReports... "
5,2018-06-15T18:45:10+00:00,technology, Activists Aim at Defense Contractors Over Child Detention Policy ,https://www.bloomberg.com/news/articles/2018-06-15/activists-aim-at-defense-contractors-over-child-detention-policy-jihc2b99," media-based consumer activism groups, have asked their hundreds of thousands of Twitter and Facebook followers to contact companies like MVM Inc. and General Dynamics Corp.Grab Your Wallet co-founder... "
6,2018-07-26T13:33:01+00:00,," Facebook Plunges 18%, Wiping $120 Billion From Market Cap ",https://www.bloomberg.com/news/articles/2018-07-26/facebook-plunges-18-wiping-120-billion-from-market-cap," Facebook plunges 18%, wiping out $120 billion from its market cap.The S&P 500 is up almost 1% and the Nasdaq, which is more tech heavy, is down 1.2% after market open.Developing... ... "
7,2018-07-24T11:30:13+00:00,view, Don't Blame Amazon (AMZN) or Apple (AAPL) for Expensive Market ,https://www.bloomberg.com/view/articles/2018-07-24/don-t-blame-amazon-amzn-or-apple-aapl-for-expensive-market," or any other member of the FANG bloc. In fact, none of the tech megacaps, which also include Facebook Inc. and Google parent Alphabet Inc., even rank in the top 10.Hess Corp., an 85-year-old oil... "
8,2018-07-23T15:42:16+00:00,businessweek," Just in Case Moscow Is Still Meddling, Here’s What to Do ",https://www.bloomberg.com/news/articles/2018-07-23/just-in-case-moscow-is-still-meddling-here-s-what-to-do," leader, saying it does not adjust its main search algorithm to de-rank individual websites.” Facebook should expand its partnership with third-party fact-checking sites such as PolitiFact and Snopes... "
9,2018-07-23T11:12:29+00:00,," Facebook Doubles Down on London With Space for 6,000 Workers ",https://www.bloomberg.com/news/articles/2018-07-23/facebook-set-to-more-than-double-london-worker-numbers-to-6-000, Facebook Inc. will double the amount of space it occupies in London as technology firms continue to expand in the U.K.The new office buildings in the city’s King’s Cross district will have room... 
10,2018-07-22T22:40:13+00:00,markets, Five Things You Need to Know to Start Your Day ,https://www.bloomberg.com/news/articles/2018-07-22/five-things-you-need-to-know-to-start-your-day,"  with the Google parent expected to show gains from mobile search, YouTube and cloud sales. Facebook and Amazon are due later in the week. Exxon and Shell, and Bristol-Myers and Eli Lilly headline... "
11,2018-07-21T17:13:00+00:00,politics, Blackstone Group's Schwarzman Among Biggest June Midterm Donors ,https://www.bloomberg.com/politics/articles/2018-07-21/blackstone-group-s-schwarzman-among-biggest-june-midterm-donors," the professional networking site LinkedIn, gave $2 million. Dustin Moskovitz, a co-founder of Facebook Inc., gave $1 million.Priorities USA, a Democratic super PAC focusing on voter engagement and... "
12,2018-07-16T20:56:10+00:00,technology," Tech `Euphoria' Could Permanently Damage Returns, Smead Says ",https://www.bloomberg.com/news/articles/2018-07-16/tech-euphoria-could-permanently-damage-returns-smead-says," the 30 questions asked, “the answer to half of them was ‘we don’t disclose that,’ ” they wrote.Facebook Inc. and Alphabet Inc. will become regulated businesses like AT&T Inc., broadcast networks and... "
13,2018-07-16T20:54:36+00:00,technology, IBM Seeks $167 Million From Groupon in E-Commerce Patent Suit ,https://www.bloomberg.com/news/articles/2018-07-16/ibm-seeks-167-million-from-groupon-in-e-commerce-patent-suit," e-commerce and piggybacked on existing technologies. Many companies, including Amazon.com Inc. and Facebook Inc., have bought licenses to use the company’s patented technology, while Groupon hasn’t, he... "
14,2018-07-16T13:17:21+00:00,technology, Israel Set to Approve ‘Facebook Law’ Against Web Incitement ,https://www.bloomberg.com/news/articles/2018-07-16/israel-set-to-approve-facebook-law-against-web-incitement," Israelis have admitted to being influenced by content on Facebook, Twitter Inc., YouTube Inc. and other online platforms.Expanded ScopeFacebook had no immediate comment on the legislation. Spokespeople... "
15,2018-07-13T21:00:13+00:00,, Your Evening Briefing ,https://www.bloomberg.com/news/articles/2018-07-13/your-evening-briefing, including meat. FEMA  emptied its Puerto Rico warehouse just before Hurricane Maria struck. Facebook is  going after Instagram's millennial users.  Consumers are spending more while still paying... 
16,2018-07-13T15:06:33+00:00,view, AT&T Time Warner Will Get Another Look ,https://www.bloomberg.com/view/articles/2018-07-13/at-amp-t-time-warner-will-get-another-look," index. Facebook v. SEC.In 2015, Facebook Inc. discovered that Cambridge Analytica had improperly come into possession of user data on millions of Facebook users. In March 2018, Facebook users discovered... "
17,2018-07-13T11:00:13+00:00,technology, How Elon Musk Tries to Control His Public Narrative ,https://www.bloomberg.com/news/articles/2018-07-13/how-elon-musk-tries-to-control-his-public-narrative, decision to allow AT&T’s acquisition of Time Warner to go forward. AT&T stock dropped 1.1 percent.Facebook won’t block InfoWars. The company has struggled with how to promote truthful content without... 
18,2018-07-13T09:53:26+00:00,politics, Trump Bulldozes Through Allies to Reach Putin ,https://www.bloomberg.com/politics/articles/2018-07-13/trump-bulldozes-through-allies-to-reach-putin," morning? Sign up for the Balance of Power newsletter, and follow Bloomberg Politics on Twitter and Facebook for more.Donald Trump’s being as good as his word. After raging at allies at the NATO summit... "
19,2018-07-11T15:30:00+00:00,technology, Facebook to Give Scholars Petabyte of Data on Misinformation ,https://www.bloomberg.com/news/articles/2018-07-11/facebook-to-give-scholars-petabyte-of-data-on-misinformation," Park, California-based Facebook. The names of the committees indicate future research topics may include political advertising, civic engagement and polarization.Facebook has for years worked with... "
20,2018-06-25T15:53:44+00:00,politics, American Express Case Could Shield Tech Giants From Antitrust Scrutiny ,https://www.bloomberg.com/politics/articles/2018-06-25/u-s-supreme-court-backs-american-express-on-credit-card-suit-jiucffg9, closely watched in Silicon Valley because of the prospect it could insulate tech giants like Facebook Inc. and Amazon.com Inc. from some antitrust suits.The ruling preserves American Express’s high-fee... 
21,2018-07-16T11:00:13+00:00,technology, VC Firm Social Capital Set Out to Fix Capitalism. Now It’s In Turmoil ,https://www.bloomberg.com/news/articles/2018-07-16/vc-firm-social-capital-set-out-to-fix-capitalism-now-it-s-in-turmoil," point, Facebook would market heavily in that country to beat out competing social media services.Palihapitiya speaks at a Facebook event in 2009.Photographer: Tony Avelar/BloombergAs Facebook’s social... "
22,2018-07-15T12:34:06+00:00,politics, Italy Asks EU Countries to Accept Migrants From Ships ,https://www.bloomberg.com/politics/articles/2018-07-15/italy-makes-plea-to-eu-countries-to-accept-migrants-from-ships," calls and written exchanges I have had with all 27 European leaders,” he said in a post on his Facebook profile. He added that Italy would accept some of the rescued migrants if other countries agreed... "
23,2018-07-13T10:00:00+00:00,, Earnings Have a Way of Sending FANG Stocks Separate Ways: Chart ,https://www.bloomberg.com/news/articles/2018-07-13/earnings-have-a-way-of-sending-fang-stocks-separate-ways-chart," history is any guide. More than three years have passed since shares of all four companies -- Facebook Inc., Amazon.com Inc., Netflix Inc. and Google’s owner, Alphabet Inc. -- rose on the first trading... "
24,2018-05-17T09:30:28+00:00,view, Maybe Blockchain Isn't as Cool as It Thinks It Is ,https://www.bloomberg.com/view/articles/2018-05-17/maybe-blockchain-isn-t-as-cool-as-it-thinks-it-is," Pop quiz: Which of Alphabet Inc., Apple Inc., Amazon.com Inc., Facebook Inc. and Netflix Inc. has shouted most to investors about Bitcoin or blockchain?The answer is... none of the above. Bloomberg's... "
25,2018-05-17T01:40:21+00:00,, Tencent Surges as Record Profit Eases Concerns About Margins ,https://www.bloomberg.com/news/articles/2018-05-17/tencent-soars-as-record-profit-eases-concerns-about-margins," raised the maximum number of ads that customers see on WeChat Moments, a function similar to Facebook’s newsfeed, to just two a day from one previously.“The results were good even without the one-time... "
26,2018-05-16T15:00:16+00:00,view, Mark Zuckerberg and Eric Lander Inspire a Lesson in Apologies ,https://www.bloomberg.com/view/articles/2018-05-16/mark-zuckerberg-and-eric-lander-inspire-a-lesson-in-apologies," linguistics professor Annabelle Lukin shows how the Facebook founder used a trick called middle voice to deflect blame here: “I’m sorry. I started Facebook, I run it, and I’m responsible for what happens... "
27,2018-05-16T12:27:24+00:00,view, Ritholtz's Reads: Gold’s New Low and Love Stories of Tumblr ,https://www.bloomberg.com/view/articles/2018-05-16/ritholtz-s-reads-gold-s-new-low-and-love-stories-of-tumblr, Tumblr”: How the Entire Internet Became a Dating Site (Wall Street Journal)What are you reading?Facebook closed 583 million fake accounts in first three months of 2018 Source: The GuardianWant to receive... 
28,2018-05-16T03:00:01+00:00,politics, Italy's Populists Say Government Talks Entering Final Stretch ,https://www.bloomberg.com/politics/articles/2018-05-16/italy-s-populists-say-government-talks-entering-final-stretch," for Italy have entered their final lap.“We’re in the final stretch,” Salvini, 45, said in a Facebook video late on Tuesday. “I’m working right until the end to see whether it will be possible.”Matteo... "
29,2018-05-15T13:00:01+00:00,technology, Islamic State Moving to Digital Lockers to Spread Propaganda ,https://www.bloomberg.com/news/articles/2018-05-15/islamic-state-moving-to-digital-lockers-to-spread-propaganda," file-hosting websites to spread propaganda in response to social-media crackdowns by Twitter Inc., Facebook Inc., and Alphabet Inc.’s Google.New York-based threat-analysis firm Flashpoint published research... "
30,2017-12-18T03:07:47+00:00,markets," Hong Kong Listings Rule Changes Set to Transform Market, Li Says ",https://www.bloomberg.com/news/articles/2017-12-18/hong-kong-listings-rule-changes-set-to-transform-market-says-li," will consider detailed rules.Some of the world’s largest technology companies, from Alibaba to Facebook Inc. and Google parent Alphabet Inc., use shares with enhanced voting power to protect their... "
31,2017-12-15T11:16:46+00:00,politics, Republicans’ Ticking Tax Clock(s) ,https://www.bloomberg.com/politics/articles/2017-12-15/republicans-ticking-tax-clock-s," morning? Sign up for the Balance of Power newsletter, and follow Bloomberg Politics on Twitter and Facebook for more.Authors of an emerging House-Senate tax compromise have been focusing on sweeteners... "
32,2017-12-15T23:06:35+00:00,politics, Trump Lawyers Will Meet Mueller as Early as Next Week ,https://www.bloomberg.com/politics/articles/2017-12-15/trump-lawyers-are-said-to-meet-mueller-as-early-as-next-week," the U.S. and abroad by Trump family members and associates, and Moscow’s efforts to manipulate Facebook and other social-media platforms, the official said.So far, Mueller has indicted Trump’s former... "
33,2017-12-14T18:13:02+00:00,politics, FCC Votes to End Net Neutrality Rules ,https://www.bloomberg.com/politics/articles/2017-12-14/net-neutrality-rules-swept-aside-by-republican-led-u-s-fcc," led by Comcast and Charter Communications Inc.Web companies such as Alphabet Inc.’s Google, Facebook Inc. and Amazon.com Inc. wanted to keep the previous regulations. “Having clear, legally sustainable... "
34,2017-12-13T12:35:39+00:00,markets, More Chip Stock Tumult Fuels Rising Skepticism on Tech for 2018 ,https://www.bloomberg.com/news/articles/2017-12-13/more-chip-stock-tumult-fuels-rising-skepticism-on-tech-for-2018," the new year, while Morgan Stanley warned over potential trouble from internet giants such as Facebook and Amazon.Garden-variety advice on positioning? Sure. But it’s worth noting that Wall Street... "
35,2017-12-13T11:27:20+00:00,politics, Moore’s Loss Spells Trouble for Republicans ,https://www.bloomberg.com/politics/articles/2017-12-13/moore-s-loss-in-alabama-spells-trouble-for-republicans," morning? Sign up for the Balance of Power newsletter, and follow Bloomberg Politics on Twitter and Facebook for more.Republicans will be doing everything they can now to put failed Senate candidate Roy... "
36,2018-01-04T13:00:12+00:00,gadfly, Facebook's Climbing Ad Prices May Be a Sign of Weakness ,https://www.bloomberg.com/gadfly/articles/2018-01-04/facebook-s-climbing-ad-prices-may-be-a-sign-of-weakness," danger is a shifting source of Facebook's growth. In prior years, revenue increases came mainly from a growing number of advertisements shown to people surfing Facebook. The company's finance chief... "
37,2018-01-04T11:30:27+00:00,politics, Trump Versus Bannon May Spell Trouble for Republicans ,https://www.bloomberg.com/politics/articles/2018-01-04/trump-versus-bannon-may-spell-trouble-for-republicans," morning? Sign up for the Balance of Power newsletter, and follow Bloomberg Politics on Twitter and Facebook for more.There’s no escaping it now for Republicans.The wrangling over the future of the party... "
38,2018-01-03T11:00:14+00:00,view, Americans Should Have More Control Over Their Data ,https://www.bloomberg.com/view/articles/2018-01-03/americans-should-have-more-control-over-their-data," -- and exploit it for commercial purposes. It could also widen social divisions. For example, Facebook determines our political beliefs based upon the pages we like and preferences we list on our... "
39,2017-12-29T17:03:44+00:00,, Homebuilders Still Favorite Cyclical Sector Pick In 2018: Kudla ,https://www.bloomberg.com/news/audio/2017-12-29/homebuilders-still-favorite-cyclical-sector-pick-in-2018-kudla-jbs63o6j," Gadfly columnist covering technology, on the eight biggest themes in technology for 2017, and Facebook’s crucial video efforts. Karen Mills, former SBA Administrator and Senior Fellow at Harvard Business... "
40,2018-07-23T04:00:00+00:00,markets, Norsk Hydro Closes in on Facebook as a Top Corporate Power Buyer ,https://www.bloomberg.com/news/articles/2018-07-23/norsk-hydro-closes-in-on-facebook-as-a-top-corporate-power-buyer, Europe’s biggest maker of aluminum products is narrowing Facebook Inc.’s lead as the second-biggest corporate buyer of electricity in long-term deals.Norsk Hydro ASA sealed a power purchase agreement... 
41,2018-07-26T01:55:03+00:00,, Ali and Hadi Partovi on 'Bloomberg Studio 1.0' ,https://www.bloomberg.com/news/videos/2018-07-26/ali-and-hadi-partovi-on-bloomberg-studio-1-0-video," Code.org co-founders Ali and Hadi Partovi speak to Bloomberg's Emily Chang about investing in Facebook, Uber and Dropbox, growing up in Iran, learning how to code, and their success as angel investors... "
42,2018-07-26T02:14:23+00:00,technology," IDC's Del Prete Says Facebook Is Entering a New, Lower-Growth Chapter ",https://www.bloomberg.com/news/videos/2018-07-26/idc-s-del-prete-says-facebook-is-entering-a-new-lower-growth-chapter-video,"                                Crawford Del Prete, IDC's chief operating officer, discusses Facebook Inc.'s second-quarter earnings with Bloomberg's Ramy Inocencio and Yvonne Man on ""Bloomberg... "
43,2018-07-25T22:33:47+00:00,, Ali & Hadi Partovi ,https://www.bloomberg.com/news/audio/2018-07-25/ali-hadi-partovi," Partovi join Emily Chang on Bloomberg Studio 1.0 to discuss their early investments in Dropbox, Facebook and Uber, and how their non-profit is expanding access to computer science to women and underrepresented... "
44,2018-07-25T21:42:43+00:00,technology, Zuckerberg Loses $16.8 Billion in a Snap as Facebook Plunges ,https://www.bloomberg.com/news/articles/2018-07-25/zuckerberg-loses-16-8-billion-in-a-snap-as-facebook-plunges," Mark Zuckerberg is counting the cost of user disenchantment with Facebook Inc.His fortune tumbled by $16.8 billion in late trading Wednesday, as shares of the social media giant slid 20 percent... "
45,2018-07-25T20:43:34+00:00,, Facebook Shares Sank in After-Hours Trading ,https://www.bloomberg.com/news/videos/2018-07-25/facebook-shares-sank-in-after-hours-trading-video, Facebook shares sank as much as 11% in after-hours trading as disappointing second quarter earnings are... 
46,2018-07-25T16:12:52+00:00,, The Underpinnings For Facebook Weaken Over Time: GVA’s Garrity ,https://www.bloomberg.com/news/audio/2018-07-25/the-underpinnings-for-facebook-weaken-over-time-gva-s-garrity," Lisa Abramowicz. GUEST: David Garrity, CEO of GVA Research, previews earnings from Amazon and Facebook. Running time 06:46... "
47,2018-07-25T15:58:50+00:00,," Eaton Vance’s Gaffney Sees Opportunities In Mexico, Brazil Debt ",https://www.bloomberg.com/news/audio/2018-07-25/eaton-vance-s-gaffney-sees-opportunities-in-mexico-brazil-debt-jk1bddtn," emerging market fixed income.David Garrity, CEO of GVA Research, on why the underpinnings for Facebook are weakening. Rick Calder, CEO of GTT Communications (NYSE: GTT), on their acquisitions, the... "
48,2018-07-25T12:00:00+00:00,technology, Amazon Expands Alexa's Brain With Yext Business Service Listings ,https://www.bloomberg.com/news/articles/2018-07-25/amazon-expands-alexa-s-brain-with-yext-business-service-listings," business data used in Alphabet Inc.’s Google search engine, Apple Inc.’s Siri digital assistant and Facebook Inc.’s social-media platform.The pairing announced Wednesday pushes the world’s biggest online... "
49,2018-07-25T06:32:06+00:00,, Brexit Bulletin: Taking Back Control ,https://www.bloomberg.com/news/articles/2018-07-25/brexit-bulletin-going-her-own-way," confused, saying he didn’t want any new borders in the Red Sea.Something to add? Please join our Facebook group, Brexit Decoded, and follow us @Brexit on Twitter.Missed yesterday’s Bulletin?You can... "
50,2018-01-15T15:30:00+00:00,markets, Why Shunning the Big Tech Stocks Isn't a Losing Bet for This $7 Billion Stock Manager ,https://www.bloomberg.com/news/articles/2018-01-15/shunning-faang-isn-t-a-losing-bet-for-7-billion-stock-manager," that have done better. And we’re looking for those.”The so-called FAANG stocks, which include Facebook Inc. and Apple Inc. among others, led the global stock rally in 2017. Amazon.com, Inc. rose... "
51,2018-01-15T13:51:33+00:00,view, Facebook's New Mission May Be Impossible ,https://www.bloomberg.com/view/articles/2018-01-15/facebook-s-new-mission-may-be-impossible," his proposed fix.  Facebook Unveils Changes to Address Fake NewsThe gist of Zuckerberg's criticism of Facebook is that ""video and other public content have exploded on Facebook in the past couple... "
52,2018-01-11T20:25:59+00:00,technology, Facebook Closes a Music Deal With YouTube’s Biggest Critic ,https://www.bloomberg.com/news/articles/2018-01-11/facebook-closes-a-music-deal-with-youtube-s-biggest-critic," In its quest to become an alternative to YouTube, Facebook Inc. has struck a deal with the popular video site’s loudest critic in the music industry.The social-media giant secured licenses to songs... "
53,2018-01-13T01:22:04+00:00,technology," Sheryl Sandberg, Jack Dorsey to Leave Disney’s Board ",https://www.bloomberg.com/news/articles/2018-01-13/facebook-s-sandberg-twitter-s-dorsey-to-depart-disney-board," company. Twitter and Facebook have also bid on and won the rights to stream live sporting events, a bedrock business for Disney and its ESPN network.Video CompetitionFacebook has escalated efforts... "
54,2018-01-12T21:00:10+00:00,, Your Evening Briefing ,https://www.bloomberg.com/news/articles/2018-01-12/your-evening-briefing," feeds toward content from family and friends at the expense of media outlets and businesses. Facebook shares tumbled 3.9 percent at noon in New York, cutting Zuckerberg’s fortune to $74.4 billion... "
55,2018-01-12T20:15:26+00:00,, Mark Zuckerberg's change of heart just cost him $2.9 billion ,https://www.bloomberg.com/news/videos/2018-01-12/mark-zuckerberg-s-change-of-heart-just-cost-him-2-9-billion-video,"                    Mark Zuckerberg's fortune was stripped of $2.9 billion after he made his Facebook announcement, @tommetcalf123 reports #tictocnews... "
56,2018-01-12T16:57:09+00:00,technology," Traders Don't Think Facebook's Shift Will Benefit Twitter, Snap ",https://www.bloomberg.com/news/articles/2018-01-12/traders-don-t-think-facebook-s-shift-will-benefit-twitter-snap," Intelligence analyst Jitendra Waral, who said that the steps Facebook is taking could change the advertising landscape. Facebook’s strategy is “great to gate the long-term decline in user engagement... "
57,2018-01-12T17:13:20+00:00,technology, Mark Zuckerberg’s Change of Heart Just Cost Him $3.3 Billion ,https://www.bloomberg.com/news/articles/2018-01-12/zuckerberg-s-change-of-heart-just-cost-facebook-ceo-2-9-billion, Mark Zuckerberg’s latest Facebook post is proving expensive.The co-founder of the world’s largest social-media business saw his fortune fall $2.9 billion Friday after he posted plans to shift users’... 
58,2018-01-12T16:18:35+00:00,markets, It's Official: Google and Facebook Are Communications Companies ,https://www.bloomberg.com/news/articles/2018-01-12/it-s-official-google-and-facebook-are-communications-companies," changed their opinion of which industries some of the stock market’s shiniest stars belong to.Facebook Inc. and Google’s parent Alphabet Inc. will leave the biggest industry classification, information... "
59,2018-01-10T23:55:02+00:00,politics," Facebook, Apple, GM Leaders Urge Congress to Protect Dreamers ",https://www.bloomberg.com/politics/articles/2018-01-10/facebook-apple-gm-leaders-urge-congress-to-protect-dreamers," Chief executives of more than 100 companies -- including Facebook Inc., Apple Inc. and General Motors Co. -- are urging Congress to pass by next week legislation to protect ""dreamers,"" undocumented... "
60,2018-04-11T21:00:25+00:00,politics, Rep. Schakowsky Says Facebook's Not Going to Regulate Itself ,https://www.bloomberg.com/news/videos/2018-04-11/rep-schakowsky-facebook-s-not-going-to-regulate-itself-video,"                               Democratic Congresswoman Jan Schakowsky of Illinois discusses Facebook CEO Mark Zuckerberg's testimony before Congress, regulating social media, and Speaker Paul Ryan's... "
61,2018-04-11T19:59:45+00:00,, Zuckerberg on Capitol Hill Day 2 ,https://www.bloomberg.com/news/videos/2018-04-11/zuckerberg-on-capitol-hill-day-2-video-jfviqrj3,"                                           On day 2 of Zuckerberg's testimony, the Facebook CEO admits Facebook also collects internet data on non-users #tictocnews... "
62,2018-04-11T19:02:59+00:00,politics, Zuckerberg Says Facebook Needs to Work on Diversity ,https://www.bloomberg.com/news/videos/2018-04-11/zuckerberg-says-facebook-needs-to-work-on-diversity-video,"                                                                            Mark Zuckerberg, Facebook Inc. chief executive officer, testifies before the House Energy and Commerce Committee about... "
63,2018-04-11T18:01:10+00:00,politics, Zuckerberg Admits Facebook Collects Data on Non-Users ,https://www.bloomberg.com/news/videos/2018-04-11/zuckerberg-admits-facebook-collects-data-on-non-users-video,"                                                                            Mark Zuckerberg, Facebook Inc. chief executive officer, testifies before the House Energy and Commerce Committee about... "
64,2018-04-11T19:00:27+00:00,technology, Zuckerberg Says Facebook Collects Internet Data on Non-Users ,https://www.bloomberg.com/news/articles/2018-04-11/zuckerberg-says-facebook-collects-internet-data-on-non-users," collecting public information from Facebook users, such as names. “We need to know when somebody is trying to repeatedly access our services,” he said.Facebook CEO Mark Zuckerberg answers questions... "
65,2018-04-11T10:00:36+00:00,politics, Zuckerberg Asks Congress to Be Friends ,https://www.bloomberg.com/politics/articles/2018-04-11/zuckerberg-asks-congress-to-be-friends," newsletter, and follow Bloomberg Politics on Twitter and Facebook for more.It's day two in the hot seat for Mark Zuckerberg.And if the Facebook chief was hoping his congressional appearance would help... "
66,2018-04-11T08:00:00+00:00,technology, Senators Tell Facebook CEO the Days of Self-Regulation May End ,https://www.bloomberg.com/news/articles/2018-04-11/senators-tell-facebook-ceo-the-days-of-self-regulation-may-end," The stock was down 0.40 percent Wednesday premarket.Understanding the Facebook-Cambridge Analytica Story: QuickTakeFacebook, fending off the Cambridge Analytica furor, has promised steps to improve... "
67,2018-04-11T07:00:20+00:00,politics, Macron Pulls Out All the Stops in Rail Reform—Even Doing TV ,https://www.bloomberg.com/politics/articles/2018-04-11/macron-pulls-out-all-the-stops-in-rail-reform-even-doing-tv," Emmanuel Macron snubbed local mainstream media -- granting few interviews and taking to Twitter and Facebook to directly address the French.Now, as rail and airline strikes disrupt transportation, retirees... "
68,2018-04-11T05:17:29+00:00,, Facebook's CEO Grilled Over Rohingya Muslims ,https://www.bloomberg.com/news/videos/2018-04-11/facebook-s-ceo-grilled-over-rohingya-muslims-video,                                                           Mark Zuckerberg is grilled over #Facebook's role in inciting violence against Rohingya Muslims #tictocnews... 
69,2018-04-11T00:17:14+00:00,, Mark Zuckerberg's Congressional Testimony About Facebook's User Agreement ,https://www.bloomberg.com/news/videos/2018-04-11/mark-zuckerberg-s-congressional-testimony-about-facebook-s-user-agreement-video," Facebook CEO Mark Zuckerberg kicked off two days of testimony to Congress on Tuesday, April 10, 2018.  This short video shows comments about Facebook's user agreement during... "
70,2018-02-02T11:51:58+00:00,technology," Apple iPhone Prices, Amazon Sales Show Big Tech Rally Has Legs ",https://www.bloomberg.com/news/articles/2018-02-02/apple-iphone-prices-amazon-sales-show-big-tech-rally-has-legs," Gerber, chief executive officer of Gerber Kawasaki Wealth and Investment Management, which owns Facebook Inc. and Apple shares. “These are businesses that we see generating hundreds of billions of... "
71,2018-02-02T05:00:00+00:00,technology, Meet the Judge in the Waymo-Uber Case ,https://www.bloomberg.com/news/articles/2018-02-02/waymo-uber-judge-alsup-runs-a-tight-ship-starting-at-7-30-a-m," Oracle to sign the same pledge. Both sides were deprived of potential tidbits of information from Facebook, LinkedIn, Instagram and Twitter that might give them insights into a particular juror’s biases... "
72,2018-02-01T16:00:01+00:00,markets, Hedge Fund Surges 119% on Bullish Valeant Bet ,https://www.bloomberg.com/news/articles/2018-02-01/hedge-fund-is-said-to-surge-119-succeeding-where-ackman-failed," lost $4 billion on ValeantThe ChinaRock fund steered clear of the FAANG technology stocks -- Facebook Inc., Amazon.com Inc., Apple Inc., Netflix Inc. and Alphabet Inc. -- which helped propel market... "
73,2018-02-01T11:35:17+00:00,markets," Facebook, Microsoft Steady Tech Stocks Amid Earnings Deluge ",https://www.bloomberg.com/news/articles/2018-02-01/facebook-microsoft-steady-tech-stocks-amid-deluge-of-earnings, rebounded from after-hour losses as a two-day flood of earnings began with positive signals from Facebook Inc. and Microsoft Corp. Bulls took solace from signs demand for their products remains brisk... 
74,2018-02-01T07:30:15+00:00,, Brexit Bulletin: Bridge in Troubled Water ,https://www.bloomberg.com/news/articles/2018-02-01/brexit-bulletin-bridge-in-troubled-water," had agreed to stay on. Nothing to see here ...For more on Brexit follow Bloomberg on Twitter, Facebook and Instagram... "
75,2018-02-01T06:00:09+00:00,technology," Twitter, Craigslist Co-Founders Back Fact-Checking Startup Factmata ",https://www.bloomberg.com/news/articles/2018-02-01/twitter-craigslist-co-founders-back-fact-checking-startup-factmata," the best place to read news on the internet,” Ghulati said. He said he doubts people will use Facebook as their main source of news in five to 10 years. ... "
76,2018-02-01T01:41:50+00:00,technology, Bitcoin's Big Wipeout Erased $44 Billion of Value in January ,https://www.bloomberg.com/news/articles/2018-02-01/bitcoin-s-44-billion-january-dive-shows-the-harder-they-fall," industry from here on, he said.For more on cryptocurrencies:Digital Coins Tumble in January Amid Facebook, Tether ConcernsS. Korea Uncovers 638b Won of Illegal Crypto Related FX TradingCrypto Exchange... "
77,2018-02-01T01:23:00+00:00,technology, Facebook Is Counting on User Surveys for a ‘Meaningful’ Feed ,https://www.bloomberg.com/news/articles/2018-02-01/facebook-is-counting-on-user-surveys-for-a-meaningful-feed," What does that even mean?Facebook doesn’t know yet. It’s going to use old-school surveys to find out, the company said on an earnings call with investors.Since 2014, Facebook Inc. has worked with a... "
78,2018-01-31T22:04:08+00:00,markets, Five Things You Need to Know to Start Your Day ,https://www.bloomberg.com/news/articles/2018-01-31/five-things-you-need-to-know-to-start-your-day-jd3md5gw, Warnings on a correction in stocks  get louder.The Koreas get in the Olympic spirit.  For now.Facebook  wants you back.Why crypto traders  are so worried about Tether.The Philippines plans to get... 
79,2018-01-31T17:38:02+00:00,," Manulife’s Scanlon Previews Big Tech Earniings: MSFT, FB, AAPL ",https://www.bloomberg.com/news/audio/2018-01-31/manulife-s-scanlon-previews-big-tech-earniings-msft-fb-aapl," Abramowicz. GUEST: Michael Scanlon, Portfolio Manager for Manulife Asset Management, previews Facebook, Microsoft and Apple earnings. Running time 07:34... "
80,2018-04-10T03:26:21+00:00,, Alibaba’s Jack Ma Challenges Mark Zuckerberg to ‘Fix’ Facebook ,https://www.bloomberg.com/news/videos/2018-04-10/alibaba-s-jack-ma-challenges-mark-zuckerberg-to-fix-facebook-video,"                                            Alibaba's Jack Ma urges Mark Zuckerberg to ""fix"" Facebook during #BoaoForum2018 https://bloom.bg/2H6ezQh #tictocnews... "
81,2018-04-09T22:42:47+00:00,technology, Internet Association CEO Says Zuckerberg Has to Regain User Trust ,https://www.bloomberg.com/news/videos/2018-04-09/internet-assoc-ceo-says-zuckerberg-has-to-regain-user-trust-video,                                       Internet Association CEO Michael Beckerman discusses Facebook's reputation following the recent data breach as well as Mark Zuckerberg's upcoming testimony... 
82,2018-04-09T20:04:05+00:00,markets," CalSTRS 'Very Unhappy' With Facebook Governance, CIO Says ",https://www.bloomberg.com/news/videos/2018-04-09/calstrs-very-unhappy-with-facebook-governance-cio-says-video," Retirement System chief investment officer, discusses his decision to deactivate his personal Facebook account and the social-media company's response to its data privacy crisis. He speaks with Bloomberg's... "
83,2018-04-09T19:46:14+00:00,markets," Facebook Crisis Fueled by Zuckerberg’s Star Status, CalSTRS CIO Says ",https://www.bloomberg.com/news/articles/2018-04-09/ailman-says-facebook-crisis-fueled-by-zuckerberg-star-status," Chris Ailman discusses Facebook’s response to its data privacy crisis.(Source: Bloomberg)Ailman, 59, recently captured attention after deactivating his personal Facebook account last week, joining... "
84,2018-04-09T14:43:35+00:00,," Surveillance: China is in a Sweet Spot, Lord Turner Says ",https://www.bloomberg.com/news/audio/2018-04-09/surveillance-china-is-in-a-sweet-spot-lord-turner-says," Bloomberg Intelligence Director of North American Research, says data privacy is not just a Facebook issue, it’s a social media issue. This is a Bloomberg podcast. To download, watch or listen... "
85,2018-04-09T06:30:34+00:00,, Brexit Bulletin: The Road to Another Referendum ,https://www.bloomberg.com/news/articles/2018-04-09/brexit-bulletin-the-road-to-a-second-referendum," Photographer: Matt Cardy/Getty Images EuropeFor more on Brexit follow Bloomberg on Twitter, Facebook and Instagram... "
86,2018-04-09T12:19:10+00:00,technology, Alibaba’s Jack Ma Challenges Mark Zuckerberg to ‘Fix’ Facebook ,https://www.bloomberg.com/news/articles/2018-04-09/alibaba-s-jack-ma-challenges-mark-zuckerberg-to-fix-facebook," about the Facebook furor, the billionaire started dismissing questions but then couldn’t help opining on the crisis facing the U.S. company.Jack MaPhotographer: Qilai Shen/BloombergFacebook’s shares... "
87,2018-04-06T20:31:17+00:00,, Your Evening Briefing ,https://www.bloomberg.com/news/articles/2018-04-06/your-evening-briefing," excessively tight.” Friday’s jobs report showed wages beginning to rise as hiring cooled in March.Facebook will soon let you retract messages, after CEO Mark Zuckerberg was caught using an early version... "
88,2018-04-06T18:39:07+00:00,view, Stingray Devices in Washington Aren't Alone in Spying on Phones ,https://www.bloomberg.com/view/articles/2018-04-06/stingray-devices-in-washington-aren-t-alone-in-spying-on-phones," may not have spent much time perusing Facebook’s terms of service. The challenge for the privacy-conscious user isn’t third parties; the challenge is Facebook itself, which exists not to connect... "
89,2018-04-06T18:00:13+00:00,technology, Facebook Rolls Out Plan to Battle Fake Ads With More Disclosure ,https://www.bloomberg.com/news/articles/2018-04-06/facebook-rolls-out-plan-to-battle-fake-ads-with-more-disclosure," through those steps won’t be able to run either type, Zuckerberg said in a Facebook post.New political adsSource: FacebookFacebook will hire more people to make the change before the 2018 midterm elections... "
90,2018-01-24T16:25:12+00:00,technology," AT&T Web Rights Proposal Is ‘Ultimate in Hypocrisy,’ Critics Say ",https://www.bloomberg.com/news/articles/2018-01-24/at-t-web-rights-proposal-is-ultimate-in-hypocrisy-critics-say," and protect consumers,” with rules that apply to network operators as well as websites, like Facebook and Google.Internet service providers have called for Congress to step in and create permanent... "
91,2018-01-24T09:00:01+00:00,, Kushner Cos. N.J. Towers Get New Life After Meeting With Mayor ,https://www.bloomberg.com/news/articles/2018-01-24/kushner-cos-n-j-towers-get-new-life-after-meeting-with-mayor," if they submit an application, I don’t foresee the council voting in favor,” Fulop wrote on Facebook.Fortress LoanAfter the missteps, Kushner Cos. and KABR were left to redraw building plans, restructure... "
92,2018-01-23T09:00:00+00:00,politics, Business Groups Spent Big on Lobbying During the Tax Overhaul ,https://www.bloomberg.com/politics/articles/2018-01-23/tax-bill-prompts-business-to-pay-heavily-for-lobbying-campaigns," company executive, alongside executives from Facebook Inc. and Twitter Inc., testified before Congress on Russian activities on their platforms. Facebook spent more than $3 million during the quarter... "
93,2018-01-23T07:30:19+00:00,, Brexit Bulletin: Ask the Turks ,https://www.bloomberg.com/news/articles/2018-01-23/brexit-bulletin-ask-the-turks," don’t know if I would subject Nigel to that.”For more on Brexit follow Bloomberg on Twitter, Facebook and Instagram... "
94,2018-01-22T13:00:00+00:00,technology, Big Tech Is Buying More Clean Energy Than Ever in the Trump Era ,https://www.bloomberg.com/news/articles/2018-01-22/big-tech-is-buying-more-clean-energy-than-ever-in-the-trump-era," Companies, led by tech giants including Apple Inc. and Facebook Inc., are snapping up more clean energy than ever, even as shifting environmental policies from the U.S. to Europe threaten the economics... "
95,2018-01-22T07:47:20+00:00,, Brexit Bulletin: Macron’s Glimmer of Hope ,https://www.bloomberg.com/news/articles/2018-01-22/brexit-bulletin-macron-s-glimmer-of-hope," Peston on ITV on Sunday.Photographer: Simon DawsonFor more on Brexit follow Bloomberg on Twitter, Facebook and Instagram... "
96,2018-01-19T18:40:12+00:00,technology, Facebook Decides Against Thursday Night Football Bid ,https://www.bloomberg.com/news/articles/2018-01-19/facebook-is-said-to-decide-against-thursday-night-football-bid," Facebook Inc., which has spent the last two years buying live sports rights to stream on its social network, is not bidding for the National Football League’s Thursday night package, according... "
97,2018-01-19T15:22:12+00:00,markets, ETF Bargain Hunters Buy $584 Million of Fidelity Funds ,https://www.bloomberg.com/news/articles/2018-01-18/etf-bargain-hunters-snag-584-million-of-low-cost-fidelity-funds," semiconductors and hardware companies. Its largest holdings are Apple Inc., Microsoft Corp., and Facebook Inc.“ETF managers are very focused on cost, so if they’re after certain sector strategies, sometimes... "
98,2018-01-19T10:48:28+00:00,politics, Trump’s First Year Ends on Shutdown Crisis Note ,https://www.bloomberg.com/politics/articles/2018-01-19/trump-s-first-year-ends-on-shutdown-crisis-note," morning? Sign up for the Balance of Power newsletter, and follow Bloomberg Politics on Twitter and Facebook for more.Donald Trump plans to cap his first year in office with a gala at his Mar-a-Lago resort... "
99,2018-01-19T07:35:21+00:00,, Brexit Bulletin: The Lady’s Not for Telling ,https://www.bloomberg.com/news/articles/2018-01-19/brexit-bulletin-the-lady-s-not-for-telling," position? Do you have any other Brexit questions? To keep the discussion going, join our new Facebook group, Brexit Decoded. I’ll be doing a Q&A session at 1 p.m. GMT today. Brexit Latest‘Be My... "
